{
    "Pendulo" : [
        {
            "csv" : "pendulo1",
            "fTime" : 52.26,
            "times" : [  0.63,   1.89,   3.19,   4.45,   5.71,   7.02,   8.27,
                         9.54,  10.74,  12.05,  13.26,  14.51,  15.76,  17.02,
                        18.28,  19.53,  20.73,  22.04,  23.24,  24.49,  25.7 ,
                        26.95,  28.2 ,  29.45,  30.66,  31.87,  33.12,  34.38,
                        35.63,  36.84,  38.1 ,  39.31,  40.56,  41.77,  43.04,
                        44.25,  45.55,  46.7 ,  48.0 ,  49.21,  50.46,  51.66 ]
        },
        {
            "csv" : "pendulo2",
            "fTime" : 52.26,
            "times" : [  0.655,   1.965,   3.255,   4.465,   5.725,   6.975,
                         8.225,   9.485,  10.735,  11.995,  13.245,  14.505,
                        15.715,  16.965,  18.215,  19.465,  20.725,  21.975,
                        23.185,  24.435,  25.655,  26.945,  28.145,  29.395,
                        30.655,  31.855,  33.105,  34.355,  35.555,  36.815,
                        38.015,  39.335,  40.535,  41.785,  42.995,  44.255,
                        45.455,  46.705,  47.915,  49.215,  50.375,  51.635 ]
        },
        {
            "csv" : "pendulo3",
            "fTime" : 51.025,
            "times" : [  0.655,   1.965,   3.215,   4.465,   5.725,   6.975,
                         8.285,   9.485,  10.735,  12.005,  13.255,  14.515,
                        15.765,  16.965,  18.215,  19.525,  20.725,  21.975,
                        23.185,  24.435,  25.685,  26.945,  28.145,  29.415,
                        30.655,  31.915,  33.135,  34.385,  35.595,  36.805,
                        38.055,  39.255,  40.565,  41.765,  43.025,  44.225,
                        45.485,  46.685,  47.995,  49.195,  50.415 ]
        },
        {
            "csv" : "pendulo4",
            "fTime" : 51.01,
            "times" : [  0.65,   1.95,   3.21,   4.46,   5.76,   7.02,   8.27,
                         9.53,  10.78,  11.99,  13.25,  14.56,  15.76,  17.01,
                        18.26,  19.49,  20.72,  22.03,  23.23,  24.43,  25.69,
                        26.94,  28.15,  29.47,  30.61,  31.86,  33.11,  34.37,
                        35.58,  36.88,  38.04,  39.28,  40.55,  41.79,  42.99,
                        44.29,  45.5 ,  46.7 ,  47.91,  49.21,  50.41 ]
        },
        {
            "csv" : "pendulo5",
            "fTime" : 52.235,
            "times" : [  0.635,   1.905,   3.155,   4.465,   5.725,   7.025,
                         8.225,   9.545,  10.745,  11.985,  13.235,  14.495,
                        15.745,  16.955,  18.215,  19.475,  20.675,  21.975,
                        23.185,  24.445,  25.645,  26.905,  28.115,  29.415,
                        30.615,  31.865,  33.075,  34.335,  35.615,  36.795,
                        38.045,  39.255,  40.495,  41.755,  42.915,  44.225,
                        45.435,  46.685,  47.885,  49.145,  50.345,  51.605 ]
        }
    ],
    "Rampa" : [
        {
            "csv" : "rampa1",
            "fTime" : 3.81,
            "times" : [ 2.17 , 2.98 ],
            "obsTime" : 3.41
        },
        {
            "csv" : "rampa2",
            "fTime" : 3.79,
            "times" : [ 2.09 , 3.09 ],
            "obsTime" : 3.74
        },
        {
            "csv" : "rampa3",
            "fTime" : 4.0,
            "times" : [ 2.12 , 2.93 ],
            "obsTime" : 3.55
        },
        {
            "csv" : "rampa4",
            "fTime" : 4.2,
            "times" : [ 2.31 , 3.12 ],
            "obsTime" : 3.71
        },
        {
            "csv" : "rampa5",
            "fTime" : 3.82,
            "times" : [ 2.14 , 3.14 ],
            "obsTime" : 3.6
        }
    ]
}
